id,name,city
1,Leona,Dalian
2,Maryellen,Tashkent
3,Jaclyn,Kuching
4,Maryellen,Yaren District
5,Chickie,Bamako
6,Hettie,Ljubljana
7,Concettina,Shenzhen
8,Jordan,Port Blair
9,Georgetta,Ibiza
10,Karly,Providence
11,Pearline,Porto
12,Shauna,Norilsk
13,Roslyn,El Aaiún
14,Belinda,Thessaloniki
15,Aaren,San José
16,Deloria,Perth
17,Jaime,Geneva
18,Judy,Charlottetown
19,Sue,Memphis
20,Chickie,Omdurman
21,Cacilie,Dar es Salaam
22,Sophia,Cardiff
23,Chastity,Hanga Roa
24,Raquela,Nice
25,Jean,Managua
26,Ivett,Pattaya
27,Amelia,Bangui
28,Brana,Detroit
29,Daune,Bangalore
30,Ayn,Srinagar
31,Kalina,Petropavlovsk-Kamchatsky
32,Aili,Ushuaia
33,Ann-Marie,Pago Pago
34,Netty,Cayenne
35,Rosanne,Düsseldorf
36,Agnese,Nukulaelae
37,Malina,Douala
38,Ursulina,Macau
39,Rubie,Regina
40,Mathilda,Durban
41,Tera,Iloilo City
42,Arabel,Darwin
43,Madeleine,Jersey City
44,Dari,Quezon City
45,Blake,Douala
46,Gwyneth,Ushuaia
47,Lonnie,Dhaka
48,Ottilie,Sofia
49,Lauryn,Udon Thani
50,Dominga,Salzburg
51,Stevana,Port Hedland
52,Adriana,Baltimore
53,Selma,Arbil
54,Kaja,Bogor
55,Queenie,Tegucigalpa
56,Shel,Rio de Janeiro
57,Almeta,N'Djamena
58,Karly,Accra
59,Dari,Virginia Beach
60,Emelina,Paris
61,Ericka,Angra do Heroísmo
62,Alia,Rawalpindi
63,Leona,Kolkata
64,Stacey,Kharkiv
65,Kirbee,Charlotte
66,Deirdre,Aberdeen
67,Sharai,Chişinău
68,Chastity,Kolkata
69,Collen,Ho Chi Minh City
70,Trixi,Port Hedland
71,Brandise,Alexandria
72,Marguerite,El Paso
73,Steffane,Edinburgh
74,Netty,Kaliningrad
75,Cam,Nukuʻalofa
76,Brandise,Namangan
77,Mara,Kawasaki
78,Benita,Marrakech
79,Magdalena,Miri
80,Atlanta,Riverside
81,Demetris,Port Hedland
82,Max,Gaza
83,Dagmar,Belgrade
84,Dianemarie,Austin
85,Jessamyn,Port Blair
86,Mahalia,Strasbourg
87,Gusella,Melekeok
88,Demetris,Hong Kong
89,Carree,Seoul
90,Leia,Iquique
91,Ashlee,Udon Thani
92,Fidelia,Sitka
93,Dorthy,Douala
94,Louella,Handan
95,Phedra,San Antonio
96,Tabbatha,Mwanza
97,Ileana,Kawasaki
98,Hayley,Makati City
99,Trixi,St. John's
100,Sara-Ann,Split (city)
